{"cameraMode":{"drawMode":0,"name":"Shaded","section":"Shading Mode"},"sceneLighting":true,"audioPlay":false,"sceneViewState":{"m_AlwaysRefresh":false,"showFog":true,"showSkybox":true,"showFlares":true,"showImageEffects":true,"showParticleSystems":true,"showVisualEffectGraphs":true,"m_FxEnabled":true},"in2DMode":false,"pivot":{"x":-0.14773991703987122,"y":-0.13281893730163575,"z":-1.1599112749099732},"rotation":{"x":0.016539253294467927,"y":0.9662123322486877,"z":-0.2490929514169693,"w":0.06415501236915589},"size":2.5955440998077394,"orthographic":false}