{"cameraMode":{"drawMode":0,"name":"Shaded","section":"Shading Mode"},"sceneLighting":true,"audioPlay":false,"sceneViewState":{"m_AlwaysRefresh":false,"showFog":true,"showSkybox":true,"showFlares":true,"showImageEffects":true,"showParticleSystems":true,"showVisualEffectGraphs":true,"m_FxEnabled":true},"in2DMode":false,"pivot":{"x":6.590115547180176,"y":5.784965515136719,"z":3.6307568550109865},"rotation":{"x":0.22979459166526795,"y":-0.6479183435440064,"z":0.21456220746040345,"w":0.6938306093215942},"size":0.014394866302609444,"orthographic":false}